paper_id;journal_name;volume;month;year;npages;issn
197;Automation, Control and Intelligent Systems;1;Feb;2010;1404;5666-5586
198;Industrial Engineering;2;Jul;2014;1132;1878-2431
203;Science Development;4;May;2015;1167;8359-8886
204;Research & Development;3;Oct;2015;1456;1590-2968
206;International Journal of Data Science and Analysis;2;May;2013;907;3931-2886
207;Industrial Engineering;4;Aug;2018;1366;6364-8709
209;Automation, Control and Intelligent Systems;5;Jun;2018;606;8379-4678
210;International Journal of Computational and Theoretical Chemistry;4;Jun;2016;722;2335-6906
213;Engineering Science;1;Nov;2010;839;4681-1896
216;Science Research;2;Nov;2014;808;7186-3964
217;International Journal of Computational and Theoretical Chemistry;3;Feb;2015;635;2145-8624
218;Science Development;3;Dec;2014;1137;4220-3168
221;Science, Technology & Public Policy;4;Dec;2014;1325;4271-5389
226;International Journal of Science, Technology and Society;1;Oct;2012;1106;3797-4902
228;Industrial Engineering;3;Mar;2016;1016;6729-7273
232;International Journal of Science, Technology and Society;5;Dec;2017;530;7271-4980
240;International Journal of Computational and Theoretical Chemistry;5;Dec;2018;1333;6053-4806
242;Innovation;1;Jan;2010;1414;7841-6984
244;Biomedical Statistics and Informatics;4;Apr;2013;1362;2481-6136
247;Science Research;1;Feb;2012;822;2375-6470
248;Engineering and Applied Sciences;2;Dec;2012;1375;6795-4611
249;Engineering and Applied Sciences;3;Aug;2014;535;4412-8301
250;Science Development;1;Aug;2011;1203;5460-8630
251;Frontiers;1;Sep;2012;696;5358-1050
255;Science Research;1;Feb;2012;822;2375-6470
256;Engineering Science;4;Jun;2016;572;8102-4604
261;Computational Biology and Bioinformatics;1;Jan;2011;1379;2556-3365
262;International Journal of Data Science and Analysis;3;Jan;2015;887;2617-5999
265;Applied and Computational Mathematics;3;Sep;2015;623;8253-7656
271;Computational Biology and Bioinformatics;4;Sep;2015;716;4937-2681
273;Control Science and Engineering;1;Nov;2011;1207;7584-2401
277;Engineering Science;4;Jun;2016;572;8102-4604
278;Biomedical Statistics and Informatics;2;Aug;2011;1329;6988-5337
279;Science Development;4;May;2015;1167;8359-8886
281;Innovation;2;Aug;2011;566;1479-7045
285;Science, Technology & Public Policy;1;Jul;2011;1488;1473-5696
288;Science Development;5;Nov;2016;972;6128-7847
290;Research & Development;2;Mar;2013;1427;7855-1318
292;International Journal of Data Science and Analysis;4;Apr;2017;960;3686-7708
295;Science Research;1;Feb;2012;822;2375-6470
296;Engineering and Applied Sciences;3;Aug;2014;535;4412-8301
298;Applied and Computational Mathematics;2;Jun;2013;744;5790-7129
299;International Journal of Data Science and Analysis;2;May;2013;907;3931-2886
301;Control Science and Engineering;2;Jul;2013;1117;8097-7004
304;International Journal of Computational and Theoretical Chemistry;1;Aug;2012;1066;3983-4788
308;International Journal of Science and Qualitative Analysis;4;Nov;2016;636;5056-6441
310;Engineering and Applied Sciences;5;May;2016;598;3732-2812
311;Biomedical Statistics and Informatics;2;Aug;2011;1329;6988-5337
315;Science Development;3;Dec;2014;1137;4220-3168
320;Biomedical Statistics and Informatics;4;Apr;2013;1362;2481-6136
321;Biomedical Statistics and Informatics;5;Jul;2014;1399;2473-6606
322;Frontiers;2;Sep;2013;1374;6913-2432
324;Computational Biology and Bioinformatics;3;Apr;2013;1227;7054-5006
325;Biomedical Statistics and Informatics;3;Jul;2012;1142;3861-8948
326;Engineering Science;1;Nov;2010;839;4681-1896
327;International Journal of Discrete Mathematics;5;Sep;2019;1404;5818-5693
329;Research & Development;5;Mar;2019;699;4952-3934
330;Biomedical Statistics and Informatics;2;Aug;2011;1329;6988-5337
333;Research & Development;5;Mar;2019;699;4952-3934
334;International Journal of Computational and Theoretical Chemistry;1;Aug;2012;1066;3983-4788
340;International Journal of Computational and Theoretical Chemistry;4;Jun;2016;722;2335-6906
341;Control Science and Engineering;2;Jul;2013;1117;8097-7004
343;International Journal of Computational and Theoretical Chemistry;1;Aug;2012;1066;3983-4788
345;International Journal of Science and Qualitative Analysis;4;Nov;2016;636;5056-6441
346;Applied and Computational Mathematics;1;Jul;2012;1031;8213-3509
347;International Journal of Data Science and Analysis;4;Apr;2017;960;3686-7708
351;Applied Engineering;1;Jul;2010;1158;4575-1407
354;Industrial Engineering;3;Mar;2016;1016;6729-7273
355;Engineering and Applied Sciences;4;Jun;2015;950;8510-5948
359;Industrial Engineering;3;Mar;2016;1016;6729-7273
362;Control Science and Engineering;3;Feb;2015;937;8319-6283
364;Industrial Engineering;2;Jul;2014;1132;1878-2431
367;Frontiers;2;Sep;2013;1374;6913-2432
368;Engineering Science;2;Jan;2012;1474;6261-4636
369;Science Research;3;May;2016;717;3815-4478
370;Industrial Engineering;4;Aug;2018;1366;6364-8709
373;Applied and Computational Mathematics;5;Jul;2018;1243;7911-2396
375;International Journal of Computational and Theoretical Chemistry;2;Jul;2013;907;1787-6980
376;Engineering and Applied Sciences;1;Jan;2010;863;8466-8982
377;Applied and Computational Mathematics;5;Jul;2018;1243;7911-2396
378;International Journal of Science, Technology and Society;5;Dec;2017;530;7271-4980
383;Automation, Control and Intelligent Systems;4;Nov;2016;808;2184-5882
384;International Journal of Science and Qualitative Analysis;2;Oct;2013;1024;8968-4130
386;Computational Biology and Bioinformatics;5;May;2016;541;6379-8524
389;Science, Technology & Public Policy;1;Jul;2011;1488;1473-5696
390;Frontiers;3;Aug;2015;1466;8939-3019
395;International Journal of Computational and Theoretical Chemistry;4;Jun;2016;722;2335-6906
398;Engineering Science;2;Jan;2012;1474;6261-4636
399;Automation, Control and Intelligent Systems;5;Jun;2018;606;8379-4678
400;Science Research;2;Nov;2014;808;7186-3964
405;International Journal of Data Science and Analysis;2;May;2013;907;3931-2886
407;Research & Development;5;Mar;2019;699;4952-3934
409;Engineering Science;4;Jun;2016;572;8102-4604
411;Science, Technology & Public Policy;1;Jul;2011;1488;1473-5696
413;Science Research;2;Nov;2014;808;7186-3964
415;Science Research;2;Nov;2014;808;7186-3964
416;International Journal of Discrete Mathematics;4;Jul;2017;685;4841-8321
418;Applied and Computational Mathematics;4;Feb;2017;1027;3687-5198
421;Biomedical Statistics and Informatics;3;Jul;2012;1142;3861-8948
422;Applied Engineering;4;Dec;2015;903;1015-7527
423;Applied and Computational Mathematics;3;Sep;2015;623;8253-7656
424;International Journal of Data Science and Analysis;3;Jan;2015;887;2617-5999
425;Research & Development;1;Oct;2012;1348;6793-8780
426;Industrial Engineering;1;Apr;2012;946;8023-8422
428;Research & Development;2;Mar;2013;1427;7855-1318
429;Biomedical Statistics and Informatics;4;Apr;2013;1362;2481-6136
433;Innovation;4;Nov;2014;1142;2625-8022
434;International Journal of Discrete Mathematics;2;Jun;2014;1109;6112-5335
435;Frontiers;3;Aug;2015;1466;8939-3019
436;Computational Biology and Bioinformatics;5;May;2016;541;6379-8524
442;International Journal of Science and Qualitative Analysis;4;Nov;2016;636;5056-6441
443;Applied and Computational Mathematics;5;Jul;2018;1243;7911-2396
444;Applied and Computational Mathematics;1;Jul;2012;1031;8213-3509
447;Computational Biology and Bioinformatics;2;Dec;2012;1234;4364-7453
448;International Journal of Computational and Theoretical Chemistry;4;Jun;2016;722;2335-6906
449;Applied and Computational Mathematics;2;Jun;2013;744;5790-7129
450;International Journal of Science, Technology and Society;5;Dec;2017;530;7271-4980
455;Control Science and Engineering;2;Jul;2013;1117;8097-7004
458;Computational Biology and Bioinformatics;4;Sep;2015;716;4937-2681
459;Engineering and Applied Sciences;3;Aug;2014;535;4412-8301
460;Science Development;3;Dec;2014;1137;4220-3168
461;Applied and Computational Mathematics;1;Jul;2012;1031;8213-3509
466;Applied and Computational Mathematics;1;Jul;2012;1031;8213-3509
471;Engineering Science;5;May;2017;573;8973-2969
472;Industrial Engineering;1;Apr;2012;946;8023-8422
474;Automation, Control and Intelligent Systems;2;Jun;2012;1325;4446-2616
475;Control Science and Engineering;2;Jul;2013;1117;8097-7004
477;Research & Development;2;Mar;2013;1427;7855-1318
478;International Journal of Discrete Mathematics;1;Aug;2012;1411;8613-2693
479;Frontiers;4;Feb;2016;736;8670-6633
482;Computational Biology and Bioinformatics;3;Apr;2013;1227;7054-5006
483;Science, Technology & Public Policy;1;Jul;2011;1488;1473-5696
484;International Journal of Discrete Mathematics;5;Sep;2019;1404;5818-5693
489;Applied Engineering;4;Dec;2015;903;1015-7527
491;Innovation;1;Jan;2010;1414;7841-6984
492;Frontiers;5;Sep;2017;1003;7967-5073
493;International Journal of Discrete Mathematics;2;Jun;2014;1109;6112-5335
494;Biomedical Statistics and Informatics;2;Aug;2011;1329;6988-5337
495;Research & Development;5;Mar;2019;699;4952-3934
496;International Journal of Discrete Mathematics;3;Mar;2015;552;8038-1629
497;Frontiers;3;Aug;2015;1466;8939-3019
501;International Journal of Computational and Theoretical Chemistry;2;Jul;2013;907;1787-6980
502;Applied Engineering;4;Dec;2015;903;1015-7527
503;International Journal of Science, Technology and Society;1;Oct;2012;1106;3797-4902
505;Science Development;2;Sep;2013;906;2217-1424
507;International Journal of Discrete Mathematics;4;Jul;2017;685;4841-8321
510;Control Science and Engineering;4;Oct;2016;1149;3780-4572
511;Research & Development;3;Oct;2015;1456;1590-2968
513;Automation, Control and Intelligent Systems;2;Jun;2012;1325;4446-2616
517;Computational Biology and Bioinformatics;4;Sep;2015;716;4937-2681
518;International Journal of Data Science and Analysis;3;Jan;2015;887;2617-5999
519;Innovation;3;Jul;2013;942;7331-3138
521;Frontiers;5;Sep;2017;1003;7967-5073
523;Innovation;2;Aug;2011;566;1479-7045
524;Computational Biology and Bioinformatics;2;Dec;2012;1234;4364-7453
525;Biomedical Statistics and Informatics;3;Jul;2012;1142;3861-8948
526;Biomedical Statistics and Informatics;3;Jul;2012;1142;3861-8948
528;Control Science and Engineering;2;Jul;2013;1117;8097-7004
529;Computational Biology and Bioinformatics;1;Jan;2011;1379;2556-3365
530;Applied and Computational Mathematics;1;Jul;2012;1031;8213-3509
531;Science Development;2;Sep;2013;906;2217-1424
533;Control Science and Engineering;2;Jul;2013;1117;8097-7004
534;Biomedical Statistics and Informatics;3;Jul;2012;1142;3861-8948
535;Industrial Engineering;2;Jul;2014;1132;1878-2431
540;Applied Engineering;5;Jul;2017;731;8001-8883
542;International Journal of Science, Technology and Society;5;Dec;2017;530;7271-4980
543;Science Research;4;Jun;2017;613;2179-3274
544;International Journal of Computational and Theoretical Chemistry;3;Feb;2015;635;2145-8624
547;Science, Technology & Public Policy;5;Feb;2016;801;5390-4799
548;Research & Development;4;Oct;2017;777;2105-6252
552;Applied Engineering;1;Jul;2010;1158;4575-1407
553;Applied and Computational Mathematics;3;Sep;2015;623;8253-7656
558;Engineering Science;4;Jun;2016;572;8102-4604
560;International Journal of Data Science and Analysis;5;Sep;2019;920;2715-7359
562;Engineering and Applied Sciences;2;Dec;2012;1375;6795-4611
564;Applied Engineering;1;Jul;2010;1158;4575-1407
565;International Journal of Data Science and Analysis;5;Sep;2019;920;2715-7359
570;International Journal of Discrete Mathematics;5;Sep;2019;1404;5818-5693
572;Science, Technology & Public Policy;4;Dec;2014;1325;4271-5389
574;Applied and Computational Mathematics;4;Feb;2017;1027;3687-5198
575;Research & Development;1;Oct;2012;1348;6793-8780
576;International Journal of Computational and Theoretical Chemistry;1;Aug;2012;1066;3983-4788
580;Innovation;1;Jan;2010;1414;7841-6984
582;Frontiers;5;Sep;2017;1003;7967-5073
587;Applied Engineering;3;Apr;2013;1077;2979-8351
588;Science Development;5;Nov;2016;972;6128-7847
589;International Journal of Science and Qualitative Analysis;1;Apr;2012;966;3591-7930
590;Engineering and Applied Sciences;5;May;2016;598;3732-2812
592;Control Science and Engineering;5;Aug;2017;1003;7619-4738
593;Science Development;3;Dec;2014;1137;4220-3168
595;Science, Technology & Public Policy;4;Dec;2014;1325;4271-5389
597;International Journal of Science, Technology and Society;5;Dec;2017;530;7271-4980
598;International Journal of Discrete Mathematics;3;Mar;2015;552;8038-1629
599;Control Science and Engineering;1;Nov;2011;1207;7584-2401
600;Applied and Computational Mathematics;5;Jul;2018;1243;7911-2396
601;Engineering and Applied Sciences;2;Dec;2012;1375;6795-4611
608;International Journal of Discrete Mathematics;5;Sep;2019;1404;5818-5693
610;Automation, Control and Intelligent Systems;1;Feb;2010;1404;5666-5586
611;Control Science and Engineering;2;Jul;2013;1117;8097-7004
613;Science, Technology & Public Policy;1;Jul;2011;1488;1473-5696
615;Science, Technology & Public Policy;5;Feb;2016;801;5390-4799
617;International Journal of Science, Technology and Society;2;Nov;2013;1372;2176-7972
618;Computational Biology and Bioinformatics;3;Apr;2013;1227;7054-5006
620;Biomedical Statistics and Informatics;4;Apr;2013;1362;2481-6136
623;International Journal of Discrete Mathematics;1;Aug;2012;1411;8613-2693
625;Automation, Control and Intelligent Systems;2;Jun;2012;1325;4446-2616
630;International Journal of Data Science and Analysis;4;Apr;2017;960;3686-7708
631;Frontiers;4;Feb;2016;736;8670-6633
632;Biomedical Statistics and Informatics;2;Aug;2011;1329;6988-5337
636;Frontiers;2;Sep;2013;1374;6913-2432
637;International Journal of Science and Qualitative Analysis;2;Oct;2013;1024;8968-4130
639;International Journal of Discrete Mathematics;5;Sep;2019;1404;5818-5693
641;Research & Development;5;Mar;2019;699;4952-3934
642;Science, Technology & Public Policy;2;Feb;2012;1078;8909-3252
647;Applied Engineering;4;Dec;2015;903;1015-7527
648;Applied Engineering;1;Jul;2010;1158;4575-1407
651;Science Research;5;Sep;2019;778;2808-1280
652;Science, Technology & Public Policy;2;Feb;2012;1078;8909-3252
653;Automation, Control and Intelligent Systems;3;Mar;2014;1130;1831-7742
655;Applied Engineering;2;Dec;2011;955;6801-4483
656;Applied Engineering;5;Jul;2017;731;8001-8883
657;Automation, Control and Intelligent Systems;3;Mar;2014;1130;1831-7742
658;Automation, Control and Intelligent Systems;2;Jun;2012;1325;4446-2616
659;Engineering Science;4;Jun;2016;572;8102-4604
660;Science, Technology & Public Policy;3;Jan;2013;965;5167-5381
663;Science Research;2;Nov;2014;808;7186-3964
664;International Journal of Science and Qualitative Analysis;1;Apr;2012;966;3591-7930
666;Engineering Science;1;Nov;2010;839;4681-1896
667;International Journal of Data Science and Analysis;4;Apr;2017;960;3686-7708
669;Science, Technology & Public Policy;2;Feb;2012;1078;8909-3252
672;International Journal of Science and Qualitative Analysis;1;Apr;2012;966;3591-7930
673;Automation, Control and Intelligent Systems;4;Nov;2016;808;2184-5882
674;Industrial Engineering;5;Oct;2019;1310;5921-3686
675;Control Science and Engineering;5;Aug;2017;1003;7619-4738
676;Research & Development;1;Oct;2012;1348;6793-8780
678;International Journal of Computational and Theoretical Chemistry;1;Aug;2012;1066;3983-4788
679;Science, Technology & Public Policy;2;Feb;2012;1078;8909-3252
680;Industrial Engineering;3;Mar;2016;1016;6729-7273
681;Biomedical Statistics and Informatics;3;Jul;2012;1142;3861-8948
684;International Journal of Computational and Theoretical Chemistry;5;Dec;2018;1333;6053-4806
689;Computational Biology and Bioinformatics;5;May;2016;541;6379-8524
690;Frontiers;4;Feb;2016;736;8670-6633
691;Research & Development;4;Oct;2017;777;2105-6252
693;Science Development;1;Aug;2011;1203;5460-8630
694;Science Research;2;Nov;2014;808;7186-3964
700;International Journal of Discrete Mathematics;4;Jul;2017;685;4841-8321
701;Automation, Control and Intelligent Systems;1;Feb;2010;1404;5666-5586
707;International Journal of Science and Qualitative Analysis;2;Oct;2013;1024;8968-4130
708;Research & Development;3;Oct;2015;1456;1590-2968
710;Biomedical Statistics and Informatics;3;Jul;2012;1142;3861-8948
712;Science, Technology & Public Policy;5;Feb;2016;801;5390-4799
713;Control Science and Engineering;2;Jul;2013;1117;8097-7004
715;Computational Biology and Bioinformatics;1;Jan;2011;1379;2556-3365
717;International Journal of Computational and Theoretical Chemistry;5;Dec;2018;1333;6053-4806
718;Computational Biology and Bioinformatics;4;Sep;2015;716;4937-2681
719;Science, Technology & Public Policy;3;Jan;2013;965;5167-5381
722;International Journal of Computational and Theoretical Chemistry;3;Feb;2015;635;2145-8624
723;International Journal of Computational and Theoretical Chemistry;2;Jul;2013;907;1787-6980
725;Science Research;5;Sep;2019;778;2808-1280
728;Innovation;5;Sep;2015;854;3725-7549
729;International Journal of Science and Qualitative Analysis;3;Jan;2014;1025;7666-2711
730;Science, Technology & Public Policy;2;Feb;2012;1078;8909-3252
731;Science, Technology & Public Policy;3;Jan;2013;965;5167-5381
732;Frontiers;4;Feb;2016;736;8670-6633
735;Biomedical Statistics and Informatics;1;Feb;2010;1061;6082-3027
736;International Journal of Computational and Theoretical Chemistry;3;Feb;2015;635;2145-8624
738;International Journal of Data Science and Analysis;5;Sep;2019;920;2715-7359
739;Science, Technology & Public Policy;1;Jul;2011;1488;1473-5696
740;International Journal of Computational and Theoretical Chemistry;5;Dec;2018;1333;6053-4806
743;Science Development;2;Sep;2013;906;2217-1424
744;Engineering and Applied Sciences;5;May;2016;598;3732-2812
745;International Journal of Discrete Mathematics;1;Aug;2012;1411;8613-2693
748;Engineering and Applied Sciences;4;Jun;2015;950;8510-5948
758;Engineering Science;1;Nov;2010;839;4681-1896
759;International Journal of Science and Qualitative Analysis;2;Oct;2013;1024;8968-4130
763;International Journal of Data Science and Analysis;2;May;2013;907;3931-2886
766;Engineering and Applied Sciences;1;Jan;2010;863;8466-8982
767;Applied Engineering;5;Jul;2017;731;8001-8883
772;Innovation;5;Sep;2015;854;3725-7549
773;Engineering Science;2;Jan;2012;1474;6261-4636
774;Science Research;3;May;2016;717;3815-4478
777;Applied Engineering;2;Dec;2011;955;6801-4483
778;International Journal of Computational and Theoretical Chemistry;4;Jun;2016;722;2335-6906
781;Applied Engineering;3;Apr;2013;1077;2979-8351
782;International Journal of Science, Technology and Society;3;Apr;2014;1199;5664-3322
783;International Journal of Discrete Mathematics;1;Aug;2012;1411;8613-2693
784;Frontiers;5;Sep;2017;1003;7967-5073
785;Industrial Engineering;2;Jul;2014;1132;1878-2431
787;International Journal of Science and Qualitative Analysis;5;Mar;2018;603;5205-4287
795;Applied and Computational Mathematics;2;Jun;2013;744;5790-7129
796;Innovation;2;Aug;2011;566;1479-7045
797;Control Science and Engineering;1;Nov;2011;1207;7584-2401
800;Applied Engineering;1;Jul;2010;1158;4575-1407
801;Science Development;2;Sep;2013;906;2217-1424
803;Automation, Control and Intelligent Systems;5;Jun;2018;606;8379-4678
805;Control Science and Engineering;5;Aug;2017;1003;7619-4738
808;International Journal of Computational and Theoretical Chemistry;1;Aug;2012;1066;3983-4788
809;International Journal of Data Science and Analysis;3;Jan;2015;887;2617-5999
810;Frontiers;3;Aug;2015;1466;8939-3019
813;International Journal of Computational and Theoretical Chemistry;3;Feb;2015;635;2145-8624
821;Control Science and Engineering;1;Nov;2011;1207;7584-2401
823;International Journal of Science and Qualitative Analysis;3;Jan;2014;1025;7666-2711
824;Automation, Control and Intelligent Systems;3;Mar;2014;1130;1831-7742
825;Science Research;5;Sep;2019;778;2808-1280
827;Science, Technology & Public Policy;5;Feb;2016;801;5390-4799
828;Applied and Computational Mathematics;4;Feb;2017;1027;3687-5198
831;Control Science and Engineering;4;Oct;2016;1149;3780-4572
832;Biomedical Statistics and Informatics;5;Jul;2014;1399;2473-6606
834;Engineering and Applied Sciences;5;May;2016;598;3732-2812
836;Innovation;2;Aug;2011;566;1479-7045
838;Applied Engineering;4;Dec;2015;903;1015-7527
842;Research & Development;3;Oct;2015;1456;1590-2968
843;Research & Development;5;Mar;2019;699;4952-3934
845;Applied and Computational Mathematics;3;Sep;2015;623;8253-7656
847;Applied and Computational Mathematics;2;Jun;2013;744;5790-7129
848;Control Science and Engineering;2;Jul;2013;1117;8097-7004
850;Automation, Control and Intelligent Systems;3;Mar;2014;1130;1831-7742
856;Applied and Computational Mathematics;1;Jul;2012;1031;8213-3509
858;International Journal of Science and Qualitative Analysis;3;Jan;2014;1025;7666-2711
860;Control Science and Engineering;1;Nov;2011;1207;7584-2401
861;International Journal of Computational and Theoretical Chemistry;3;Feb;2015;635;2145-8624
862;Engineering and Applied Sciences;1;Jan;2010;863;8466-8982
863;Applied Engineering;5;Jul;2017;731;8001-8883
865;Frontiers;4;Feb;2016;736;8670-6633
866;International Journal of Computational and Theoretical Chemistry;5;Dec;2018;1333;6053-4806
871;Science, Technology & Public Policy;1;Jul;2011;1488;1473-5696
872;Automation, Control and Intelligent Systems;2;Jun;2012;1325;4446-2616
874;Science, Technology & Public Policy;1;Jul;2011;1488;1473-5696
877;Research & Development;4;Oct;2017;777;2105-6252
878;International Journal of Computational and Theoretical Chemistry;3;Feb;2015;635;2145-8624
882;Frontiers;2;Sep;2013;1374;6913-2432
888;International Journal of Data Science and Analysis;2;May;2013;907;3931-2886
894;Innovation;2;Aug;2011;566;1479-7045
895;Science, Technology & Public Policy;5;Feb;2016;801;5390-4799
897;Control Science and Engineering;3;Feb;2015;937;8319-6283
898;Science Development;2;Sep;2013;906;2217-1424
900;Biomedical Statistics and Informatics;4;Apr;2013;1362;2481-6136
901;International Journal of Discrete Mathematics;3;Mar;2015;552;8038-1629
902;Applied Engineering;3;Apr;2013;1077;2979-8351
903;Applied Engineering;2;Dec;2011;955;6801-4483
905;International Journal of Science, Technology and Society;2;Nov;2013;1372;2176-7972
906;International Journal of Computational and Theoretical Chemistry;5;Dec;2018;1333;6053-4806
907;Applied and Computational Mathematics;3;Sep;2015;623;8253-7656
911;International Journal of Science and Qualitative Analysis;5;Mar;2018;603;5205-4287
916;Applied and Computational Mathematics;2;Jun;2013;744;5790-7129
920;Science, Technology & Public Policy;2;Feb;2012;1078;8909-3252
922;Industrial Engineering;3;Mar;2016;1016;6729-7273
923;International Journal of Science and Qualitative Analysis;5;Mar;2018;603;5205-4287
924;International Journal of Discrete Mathematics;1;Aug;2012;1411;8613-2693
929;Automation, Control and Intelligent Systems;4;Nov;2016;808;2184-5882
931;International Journal of Computational and Theoretical Chemistry;3;Feb;2015;635;2145-8624
934;Science, Technology & Public Policy;3;Jan;2013;965;5167-5381
937;Science Development;4;May;2015;1167;8359-8886
943;Engineering and Applied Sciences;1;Jan;2010;863;8466-8982
944;Frontiers;3;Aug;2015;1466;8939-3019
945;Applied and Computational Mathematics;4;Feb;2017;1027;3687-5198
946;Science Development;2;Sep;2013;906;2217-1424
950;Science Development;4;May;2015;1167;8359-8886
951;Computational Biology and Bioinformatics;5;May;2016;541;6379-8524
952;International Journal of Computational and Theoretical Chemistry;5;Dec;2018;1333;6053-4806
953;International Journal of Discrete Mathematics;3;Mar;2015;552;8038-1629
954;Science, Technology & Public Policy;3;Jan;2013;965;5167-5381
956;Research & Development;1;Oct;2012;1348;6793-8780
959;International Journal of Data Science and Analysis;1;Jul;2012;907;1402-6230
960;Industrial Engineering;2;Jul;2014;1132;1878-2431
965;Science Research;3;May;2016;717;3815-4478
966;International Journal of Discrete Mathematics;1;Aug;2012;1411;8613-2693
967;Applied Engineering;4;Dec;2015;903;1015-7527
968;Industrial Engineering;5;Oct;2019;1310;5921-3686
969;Frontiers;3;Aug;2015;1466;8939-3019
970;Industrial Engineering;2;Jul;2014;1132;1878-2431
973;Engineering and Applied Sciences;5;May;2016;598;3732-2812
979;Engineering and Applied Sciences;5;May;2016;598;3732-2812
980;Applied Engineering;1;Jul;2010;1158;4575-1407
981;Biomedical Statistics and Informatics;5;Jul;2014;1399;2473-6606
982;Innovation;2;Aug;2011;566;1479-7045
985;International Journal of Discrete Mathematics;4;Jul;2017;685;4841-8321
986;Automation, Control and Intelligent Systems;2;Jun;2012;1325;4446-2616
990;Applied Engineering;2;Dec;2011;955;6801-4483
991;Science, Technology & Public Policy;4;Dec;2014;1325;4271-5389
992;Science, Technology & Public Policy;5;Feb;2016;801;5390-4799
993;Science, Technology & Public Policy;3;Jan;2013;965;5167-5381
994;Control Science and Engineering;1;Nov;2011;1207;7584-2401
995;International Journal of Discrete Mathematics;5;Sep;2019;1404;5818-5693
996;Computational Biology and Bioinformatics;2;Dec;2012;1234;4364-7453
999;International Journal of Discrete Mathematics;5;Sep;2019;1404;5818-5693
1001;Computational Biology and Bioinformatics;3;Apr;2013;1227;7054-5006
1006;International Journal of Data Science and Analysis;4;Apr;2017;960;3686-7708
1009;Engineering and Applied Sciences;5;May;2016;598;3732-2812
1013;Research & Development;2;Mar;2013;1427;7855-1318
1018;Science Research;4;Jun;2017;613;2179-3274
1020;Biomedical Statistics and Informatics;4;Apr;2013;1362;2481-6136
1021;International Journal of Discrete Mathematics;2;Jun;2014;1109;6112-5335
1025;Applied and Computational Mathematics;1;Jul;2012;1031;8213-3509
1028;Research & Development;3;Oct;2015;1456;1590-2968
1032;Computational Biology and Bioinformatics;5;May;2016;541;6379-8524
1034;Industrial Engineering;4;Aug;2018;1366;6364-8709
1035;International Journal of Computational and Theoretical Chemistry;5;Dec;2018;1333;6053-4806
1036;Applied and Computational Mathematics;4;Feb;2017;1027;3687-5198
1038;Applied and Computational Mathematics;1;Jul;2012;1031;8213-3509
1039;Frontiers;3;Aug;2015;1466;8939-3019
1040;Research & Development;2;Mar;2013;1427;7855-1318
1045;Science Development;3;Dec;2014;1137;4220-3168
1048;Science Development;5;Nov;2016;972;6128-7847
1052;Control Science and Engineering;2;Jul;2013;1117;8097-7004
1054;Industrial Engineering;4;Aug;2018;1366;6364-8709
1056;Science Research;5;Sep;2019;778;2808-1280
1057;Computational Biology and Bioinformatics;3;Apr;2013;1227;7054-5006
1058;Science, Technology & Public Policy;3;Jan;2013;965;5167-5381
1059;International Journal of Data Science and Analysis;2;May;2013;907;3931-2886
1062;Applied Engineering;4;Dec;2015;903;1015-7527
1064;Applied and Computational Mathematics;1;Jul;2012;1031;8213-3509
1065;Biomedical Statistics and Informatics;3;Jul;2012;1142;3861-8948
1066;Control Science and Engineering;2;Jul;2013;1117;8097-7004
1068;Frontiers;4;Feb;2016;736;8670-6633
1069;Computational Biology and Bioinformatics;5;May;2016;541;6379-8524
1070;Biomedical Statistics and Informatics;5;Jul;2014;1399;2473-6606
1071;Science Development;4;May;2015;1167;8359-8886
1073;Science, Technology & Public Policy;4;Dec;2014;1325;4271-5389
1076;International Journal of Science, Technology and Society;4;Aug;2015;528;6449-8154
1083;International Journal of Science, Technology and Society;1;Oct;2012;1106;3797-4902
1084;International Journal of Science, Technology and Society;2;Nov;2013;1372;2176-7972
1085;Applied Engineering;4;Dec;2015;903;1015-7527
1086;International Journal of Science, Technology and Society;4;Aug;2015;528;6449-8154
1088;Control Science and Engineering;5;Aug;2017;1003;7619-4738
1089;Computational Biology and Bioinformatics;1;Jan;2011;1379;2556-3365
1090;Applied and Computational Mathematics;1;Jul;2012;1031;8213-3509
1091;International Journal of Discrete Mathematics;3;Mar;2015;552;8038-1629
1092;Automation, Control and Intelligent Systems;1;Feb;2010;1404;5666-5586
1097;International Journal of Science and Qualitative Analysis;3;Jan;2014;1025;7666-2711
1098;Innovation;1;Jan;2010;1414;7841-6984
1099;Science, Technology & Public Policy;1;Jul;2011;1488;1473-5696
1110;Control Science and Engineering;3;Feb;2015;937;8319-6283
1112;Research & Development;1;Oct;2012;1348;6793-8780
1121;Science, Technology & Public Policy;3;Jan;2013;965;5167-5381
1122;International Journal of Data Science and Analysis;1;Jul;2012;907;1402-6230
1126;International Journal of Data Science and Analysis;3;Jan;2015;887;2617-5999
1127;Research & Development;5;Mar;2019;699;4952-3934
1128;Innovation;2;Aug;2011;566;1479-7045
1129;Computational Biology and Bioinformatics;5;May;2016;541;6379-8524
1130;Science Development;2;Sep;2013;906;2217-1424
1131;Automation, Control and Intelligent Systems;4;Nov;2016;808;2184-5882
1136;Biomedical Statistics and Informatics;5;Jul;2014;1399;2473-6606
1137;Frontiers;3;Aug;2015;1466;8939-3019
1139;Engineering Science;4;Jun;2016;572;8102-4604
1142;Science, Technology & Public Policy;2;Feb;2012;1078;8909-3252
1143;Engineering Science;4;Jun;2016;572;8102-4604
1147;International Journal of Data Science and Analysis;3;Jan;2015;887;2617-5999
1150;Industrial Engineering;3;Mar;2016;1016;6729-7273
1151;International Journal of Computational and Theoretical Chemistry;1;Aug;2012;1066;3983-4788
1153;Computational Biology and Bioinformatics;4;Sep;2015;716;4937-2681
1154;Applied and Computational Mathematics;5;Jul;2018;1243;7911-2396
1155;Engineering Science;4;Jun;2016;572;8102-4604
1157;Engineering and Applied Sciences;4;Jun;2015;950;8510-5948
1159;International Journal of Science and Qualitative Analysis;5;Mar;2018;603;5205-4287
1161;Control Science and Engineering;3;Feb;2015;937;8319-6283
1164;Innovation;3;Jul;2013;942;7331-3138
1165;Engineering and Applied Sciences;4;Jun;2015;950;8510-5948
1166;Industrial Engineering;5;Oct;2019;1310;5921-3686
1168;Engineering and Applied Sciences;1;Jan;2010;863;8466-8982
1169;Engineering Science;5;May;2017;573;8973-2969
1170;International Journal of Discrete Mathematics;5;Sep;2019;1404;5818-5693
1173;Engineering Science;3;Feb;2014;1353;7828-3865
1174;Science, Technology & Public Policy;3;Jan;2013;965;5167-5381
1176;Applied and Computational Mathematics;5;Jul;2018;1243;7911-2396
1177;Innovation;2;Aug;2011;566;1479-7045
1178;Engineering Science;5;May;2017;573;8973-2969
1180;Applied and Computational Mathematics;3;Sep;2015;623;8253-7656
1181;Frontiers;5;Sep;2017;1003;7967-5073
1185;Innovation;4;Nov;2014;1142;2625-8022
1187;International Journal of Computational and Theoretical Chemistry;5;Dec;2018;1333;6053-4806
1188;Computational Biology and Bioinformatics;3;Apr;2013;1227;7054-5006
1190;Engineering and Applied Sciences;5;May;2016;598;3732-2812
1192;Science Research;5;Sep;2019;778;2808-1280
1193;Control Science and Engineering;2;Jul;2013;1117;8097-7004
1194;Biomedical Statistics and Informatics;5;Jul;2014;1399;2473-6606
1198;Science, Technology & Public Policy;2;Feb;2012;1078;8909-3252
1200;Science, Technology & Public Policy;4;Dec;2014;1325;4271-5389
1202;International Journal of Data Science and Analysis;1;Jul;2012;907;1402-6230
1203;Applied Engineering;2;Dec;2011;955;6801-4483
1204;Science Research;3;May;2016;717;3815-4478
1205;Computational Biology and Bioinformatics;1;Jan;2011;1379;2556-3365
1206;International Journal of Science and Qualitative Analysis;5;Mar;2018;603;5205-4287
1207;Innovation;2;Aug;2011;566;1479-7045
1208;Science, Technology & Public Policy;4;Dec;2014;1325;4271-5389
1211;Science, Technology & Public Policy;5;Feb;2016;801;5390-4799
1212;Research & Development;1;Oct;2012;1348;6793-8780
1215;International Journal of Science and Qualitative Analysis;2;Oct;2013;1024;8968-4130
1218;Applied and Computational Mathematics;3;Sep;2015;623;8253-7656
1220;Engineering Science;1;Nov;2010;839;4681-1896
1223;Science Development;2;Sep;2013;906;2217-1424
1224;Control Science and Engineering;2;Jul;2013;1117;8097-7004
1225;Science, Technology & Public Policy;2;Feb;2012;1078;8909-3252
1226;International Journal of Science and Qualitative Analysis;5;Mar;2018;603;5205-4287
1228;International Journal of Science and Qualitative Analysis;2;Oct;2013;1024;8968-4130
1229;Industrial Engineering;2;Jul;2014;1132;1878-2431
1231;Science Development;3;Dec;2014;1137;4220-3168
1232;Industrial Engineering;3;Mar;2016;1016;6729-7273
1236;International Journal of Data Science and Analysis;5;Sep;2019;920;2715-7359
1237;Applied Engineering;4;Dec;2015;903;1015-7527
1240;Frontiers;3;Aug;2015;1466;8939-3019
1242;International Journal of Discrete Mathematics;2;Jun;2014;1109;6112-5335
1245;International Journal of Science and Qualitative Analysis;2;Oct;2013;1024;8968-4130
1250;Science Development;1;Aug;2011;1203;5460-8630
1256;Frontiers;5;Sep;2017;1003;7967-5073
1258;Engineering Science;5;May;2017;573;8973-2969
1260;Applied and Computational Mathematics;2;Jun;2013;744;5790-7129
1261;Biomedical Statistics and Informatics;1;Feb;2010;1061;6082-3027
1262;Science, Technology & Public Policy;4;Dec;2014;1325;4271-5389
1264;Automation, Control and Intelligent Systems;2;Jun;2012;1325;4446-2616
1266;Industrial Engineering;5;Oct;2019;1310;5921-3686
1270;Research & Development;3;Oct;2015;1456;1590-2968
1272;Control Science and Engineering;4;Oct;2016;1149;3780-4572
1273;International Journal of Data Science and Analysis;5;Sep;2019;920;2715-7359
1274;Engineering and Applied Sciences;4;Jun;2015;950;8510-5948
1276;Innovation;5;Sep;2015;854;3725-7549
1278;Applied and Computational Mathematics;3;Sep;2015;623;8253-7656
1281;International Journal of Science, Technology and Society;3;Apr;2014;1199;5664-3322
1282;Science, Technology & Public Policy;5;Feb;2016;801;5390-4799
1283;Innovation;1;Jan;2010;1414;7841-6984
1284;Research & Development;2;Mar;2013;1427;7855-1318
1285;Control Science and Engineering;4;Oct;2016;1149;3780-4572
1286;Biomedical Statistics and Informatics;3;Jul;2012;1142;3861-8948
1288;Computational Biology and Bioinformatics;1;Jan;2011;1379;2556-3365
1290;International Journal of Computational and Theoretical Chemistry;2;Jul;2013;907;1787-6980
1291;Automation, Control and Intelligent Systems;4;Nov;2016;808;2184-5882
1292;Engineering and Applied Sciences;1;Jan;2010;863;8466-8982
1293;Applied Engineering;5;Jul;2017;731;8001-8883
1294;Automation, Control and Intelligent Systems;3;Mar;2014;1130;1831-7742
1300;International Journal of Science, Technology and Society;1;Oct;2012;1106;3797-4902
1304;Science Development;3;Dec;2014;1137;4220-3168
1305;International Journal of Data Science and Analysis;2;May;2013;907;3931-2886
1310;Automation, Control and Intelligent Systems;2;Jun;2012;1325;4446-2616
1311;Applied and Computational Mathematics;5;Jul;2018;1243;7911-2396
1313;International Journal of Science, Technology and Society;5;Dec;2017;530;7271-4980
1316;Engineering Science;3;Feb;2014;1353;7828-3865
1317;Science Research;3;May;2016;717;3815-4478
1319;International Journal of Science and Qualitative Analysis;5;Mar;2018;603;5205-4287
1320;Industrial Engineering;1;Apr;2012;946;8023-8422
1322;Computational Biology and Bioinformatics;4;Sep;2015;716;4937-2681
1325;International Journal of Science and Qualitative Analysis;2;Oct;2013;1024;8968-4130
1327;Control Science and Engineering;5;Aug;2017;1003;7619-4738
1329;International Journal of Discrete Mathematics;1;Aug;2012;1411;8613-2693
1330;Biomedical Statistics and Informatics;5;Jul;2014;1399;2473-6606
1332;Science Development;3;Dec;2014;1137;4220-3168
1334;Applied Engineering;5;Jul;2017;731;8001-8883
1335;International Journal of Discrete Mathematics;4;Jul;2017;685;4841-8321
1337;Engineering Science;5;May;2017;573;8973-2969
1341;Industrial Engineering;5;Oct;2019;1310;5921-3686
1345;Research & Development;2;Mar;2013;1427;7855-1318
1347;Biomedical Statistics and Informatics;1;Feb;2010;1061;6082-3027
1352;Applied and Computational Mathematics;5;Jul;2018;1243;7911-2396
1354;Science, Technology & Public Policy;3;Jan;2013;965;5167-5381
1355;International Journal of Discrete Mathematics;1;Aug;2012;1411;8613-2693
1356;International Journal of Data Science and Analysis;4;Apr;2017;960;3686-7708
1357;Engineering Science;5;May;2017;573;8973-2969
1359;Research & Development;4;Oct;2017;777;2105-6252
1361;International Journal of Discrete Mathematics;2;Jun;2014;1109;6112-5335
1362;International Journal of Discrete Mathematics;5;Sep;2019;1404;5818-5693
1365;Engineering Science;5;May;2017;573;8973-2969
1368;International Journal of Science, Technology and Society;2;Nov;2013;1372;2176-7972
1371;Industrial Engineering;5;Oct;2019;1310;5921-3686
1373;Control Science and Engineering;3;Feb;2015;937;8319-6283
1374;International Journal of Computational and Theoretical Chemistry;2;Jul;2013;907;1787-6980
1375;Control Science and Engineering;3;Feb;2015;937;8319-6283
1376;Research & Development;5;Mar;2019;699;4952-3934
1379;Science, Technology & Public Policy;4;Dec;2014;1325;4271-5389
1380;Science Research;3;May;2016;717;3815-4478
1382;International Journal of Data Science and Analysis;2;May;2013;907;3931-2886
1384;Applied and Computational Mathematics;4;Feb;2017;1027;3687-5198
1385;International Journal of Science and Qualitative Analysis;4;Nov;2016;636;5056-6441
1386;International Journal of Science and Qualitative Analysis;3;Jan;2014;1025;7666-2711
1389;International Journal of Science and Qualitative Analysis;2;Oct;2013;1024;8968-4130
1390;International Journal of Science and Qualitative Analysis;1;Apr;2012;966;3591-7930
1391;Computational Biology and Bioinformatics;3;Apr;2013;1227;7054-5006
1392;Applied and Computational Mathematics;5;Jul;2018;1243;7911-2396
1393;International Journal of Discrete Mathematics;4;Jul;2017;685;4841-8321
1396;Science, Technology & Public Policy;2;Feb;2012;1078;8909-3252
1398;Science, Technology & Public Policy;3;Jan;2013;965;5167-5381
1400;International Journal of Science and Qualitative Analysis;2;Oct;2013;1024;8968-4130
1401;International Journal of Science, Technology and Society;5;Dec;2017;530;7271-4980
1404;Applied and Computational Mathematics;3;Sep;2015;623;8253-7656
1405;Science Research;3;May;2016;717;3815-4478
1406;Industrial Engineering;5;Oct;2019;1310;5921-3686
1408;Automation, Control and Intelligent Systems;5;Jun;2018;606;8379-4678
1409;International Journal of Computational and Theoretical Chemistry;5;Dec;2018;1333;6053-4806
1410;Applied and Computational Mathematics;3;Sep;2015;623;8253-7656
1413;Science, Technology & Public Policy;4;Dec;2014;1325;4271-5389
1414;Science, Technology & Public Policy;4;Dec;2014;1325;4271-5389
1421;Biomedical Statistics and Informatics;5;Jul;2014;1399;2473-6606
1424;Applied and Computational Mathematics;5;Jul;2018;1243;7911-2396
1428;International Journal of Computational and Theoretical Chemistry;2;Jul;2013;907;1787-6980
1430;Applied and Computational Mathematics;1;Jul;2012;1031;8213-3509
1431;Computational Biology and Bioinformatics;1;Jan;2011;1379;2556-3365
1433;Computational Biology and Bioinformatics;3;Apr;2013;1227;7054-5006
1436;International Journal of Computational and Theoretical Chemistry;3;Feb;2015;635;2145-8624
1437;Biomedical Statistics and Informatics;2;Aug;2011;1329;6988-5337
1438;International Journal of Data Science and Analysis;2;May;2013;907;3931-2886
1439;International Journal of Science and Qualitative Analysis;2;Oct;2013;1024;8968-4130
1440;Innovation;4;Nov;2014;1142;2625-8022
1441;International Journal of Computational and Theoretical Chemistry;5;Dec;2018;1333;6053-4806
1442;International Journal of Discrete Mathematics;1;Aug;2012;1411;8613-2693
1444;Frontiers;3;Aug;2015;1466;8939-3019
1445;International Journal of Science, Technology and Society;5;Dec;2017;530;7271-4980
1448;Frontiers;3;Aug;2015;1466;8939-3019
1450;Science, Technology & Public Policy;5;Feb;2016;801;5390-4799
1451;Automation, Control and Intelligent Systems;5;Jun;2018;606;8379-4678
1452;Science Development;3;Dec;2014;1137;4220-3168
1455;International Journal of Computational and Theoretical Chemistry;1;Aug;2012;1066;3983-4788
1461;Science, Technology & Public Policy;1;Jul;2011;1488;1473-5696
1462;Innovation;4;Nov;2014;1142;2625-8022
1466;Science Research;2;Nov;2014;808;7186-3964
1467;Automation, Control and Intelligent Systems;4;Nov;2016;808;2184-5882
1472;Engineering Science;3;Feb;2014;1353;7828-3865
1473;International Journal of Science and Qualitative Analysis;4;Nov;2016;636;5056-6441
1474;Science Research;2;Nov;2014;808;7186-3964
1476;Automation, Control and Intelligent Systems;3;Mar;2014;1130;1831-7742
1478;International Journal of Science, Technology and Society;4;Aug;2015;528;6449-8154
1481;Science, Technology & Public Policy;1;Jul;2011;1488;1473-5696
1482;Industrial Engineering;4;Aug;2018;1366;6364-8709
1483;Engineering Science;5;May;2017;573;8973-2969
1484;Science Development;5;Nov;2016;972;6128-7847
1486;Innovation;2;Aug;2011;566;1479-7045
1487;International Journal of Science and Qualitative Analysis;5;Mar;2018;603;5205-4287
1490;Applied Engineering;4;Dec;2015;903;1015-7527
1493;International Journal of Data Science and Analysis;2;May;2013;907;3931-2886
1497;Automation, Control and Intelligent Systems;5;Jun;2018;606;8379-4678
1498;International Journal of Computational and Theoretical Chemistry;5;Dec;2018;1333;6053-4806
1501;Industrial Engineering;3;Mar;2016;1016;6729-7273
1502;Science Development;5;Nov;2016;972;6128-7847
1503;Computational Biology and Bioinformatics;3;Apr;2013;1227;7054-5006
1504;International Journal of Data Science and Analysis;4;Apr;2017;960;3686-7708
1507;International Journal of Data Science and Analysis;1;Jul;2012;907;1402-6230
1508;Science Research;4;Jun;2017;613;2179-3274
1509;Science Research;3;May;2016;717;3815-4478
1513;International Journal of Computational and Theoretical Chemistry;5;Dec;2018;1333;6053-4806
1514;International Journal of Science, Technology and Society;1;Oct;2012;1106;3797-4902
1516;Frontiers;5;Sep;2017;1003;7967-5073
1518;Industrial Engineering;2;Jul;2014;1132;1878-2431
1519;Industrial Engineering;3;Mar;2016;1016;6729-7273
1522;Computational Biology and Bioinformatics;4;Sep;2015;716;4937-2681
1525;Industrial Engineering;2;Jul;2014;1132;1878-2431
1528;International Journal of Science and Qualitative Analysis;4;Nov;2016;636;5056-6441
1529;Applied Engineering;4;Dec;2015;903;1015-7527
1530;Engineering and Applied Sciences;4;Jun;2015;950;8510-5948
1534;Computational Biology and Bioinformatics;1;Jan;2011;1379;2556-3365
1538;Applied and Computational Mathematics;1;Jul;2012;1031;8213-3509
1539;Applied Engineering;2;Dec;2011;955;6801-4483
1545;International Journal of Data Science and Analysis;4;Apr;2017;960;3686-7708
1546;Computational Biology and Bioinformatics;5;May;2016;541;6379-8524
1548;Automation, Control and Intelligent Systems;2;Jun;2012;1325;4446-2616
1550;Control Science and Engineering;2;Jul;2013;1117;8097-7004
1551;International Journal of Discrete Mathematics;1;Aug;2012;1411;8613-2693
1552;Applied Engineering;1;Jul;2010;1158;4575-1407
1555;International Journal of Science and Qualitative Analysis;2;Oct;2013;1024;8968-4130
1563;Applied Engineering;3;Apr;2013;1077;2979-8351
1565;Applied Engineering;2;Dec;2011;955;6801-4483
1569;Research & Development;2;Mar;2013;1427;7855-1318
1570;Applied Engineering;2;Dec;2011;955;6801-4483
1571;Engineering and Applied Sciences;4;Jun;2015;950;8510-5948
1575;Engineering and Applied Sciences;3;Aug;2014;535;4412-8301
1576;Engineering and Applied Sciences;3;Aug;2014;535;4412-8301
1577;Biomedical Statistics and Informatics;2;Aug;2011;1329;6988-5337
1580;Science, Technology & Public Policy;4;Dec;2014;1325;4271-5389
1583;Frontiers;1;Sep;2012;696;5358-1050
1585;Control Science and Engineering;1;Nov;2011;1207;7584-2401
1586;International Journal of Discrete Mathematics;5;Sep;2019;1404;5818-5693
1588;Biomedical Statistics and Informatics;3;Jul;2012;1142;3861-8948
1598;Frontiers;3;Aug;2015;1466;8939-3019
1599;Biomedical Statistics and Informatics;2;Aug;2011;1329;6988-5337
1600;Applied Engineering;1;Jul;2010;1158;4575-1407
1602;Science, Technology & Public Policy;2;Feb;2012;1078;8909-3252
1606;Automation, Control and Intelligent Systems;4;Nov;2016;808;2184-5882
1609;Science Development;2;Sep;2013;906;2217-1424
1614;Engineering Science;3;Feb;2014;1353;7828-3865
1616;Science Development;5;Nov;2016;972;6128-7847
1617;Innovation;5;Sep;2015;854;3725-7549
1620;Science Research;3;May;2016;717;3815-4478
1621;International Journal of Science and Qualitative Analysis;4;Nov;2016;636;5056-6441
1622;Applied and Computational Mathematics;2;Jun;2013;744;5790-7129
1623;Applied Engineering;2;Dec;2011;955;6801-4483
1625;Engineering and Applied Sciences;1;Jan;2010;863;8466-8982
1627;Engineering and Applied Sciences;1;Jan;2010;863;8466-8982
1630;Control Science and Engineering;4;Oct;2016;1149;3780-4572
1632;Science, Technology & Public Policy;1;Jul;2011;1488;1473-5696
1633;Engineering Science;3;Feb;2014;1353;7828-3865
1634;Engineering Science;5;May;2017;573;8973-2969
1635;Science Development;4;May;2015;1167;8359-8886
1638;Engineering Science;4;Jun;2016;572;8102-4604
1640;Computational Biology and Bioinformatics;4;Sep;2015;716;4937-2681
1644;Biomedical Statistics and Informatics;2;Aug;2011;1329;6988-5337
1645;Research & Development;2;Mar;2013;1427;7855-1318
1646;Industrial Engineering;5;Oct;2019;1310;5921-3686
1648;Applied and Computational Mathematics;1;Jul;2012;1031;8213-3509
1649;Research & Development;2;Mar;2013;1427;7855-1318
1651;Frontiers;3;Aug;2015;1466;8939-3019
1653;Frontiers;4;Feb;2016;736;8670-6633
1654;Science Research;2;Nov;2014;808;7186-3964
1655;Engineering and Applied Sciences;3;Aug;2014;535;4412-8301
1656;Science Research;3;May;2016;717;3815-4478
1660;Science, Technology & Public Policy;1;Jul;2011;1488;1473-5696
1661;Biomedical Statistics and Informatics;2;Aug;2011;1329;6988-5337
1662;Engineering and Applied Sciences;3;Aug;2014;535;4412-8301
1663;International Journal of Science and Qualitative Analysis;1;Apr;2012;966;3591-7930
1664;Science Research;2;Nov;2014;808;7186-3964
1665;Computational Biology and Bioinformatics;4;Sep;2015;716;4937-2681
1666;Biomedical Statistics and Informatics;4;Apr;2013;1362;2481-6136
1667;Industrial Engineering;4;Aug;2018;1366;6364-8709
1668;Automation, Control and Intelligent Systems;5;Jun;2018;606;8379-4678
1669;Applied and Computational Mathematics;4;Feb;2017;1027;3687-5198
1670;Science, Technology & Public Policy;3;Jan;2013;965;5167-5381
1676;Computational Biology and Bioinformatics;2;Dec;2012;1234;4364-7453
1681;Science, Technology & Public Policy;2;Feb;2012;1078;8909-3252
1682;Innovation;1;Jan;2010;1414;7841-6984
1684;Science, Technology & Public Policy;4;Dec;2014;1325;4271-5389
1685;Frontiers;2;Sep;2013;1374;6913-2432
1688;Science Development;2;Sep;2013;906;2217-1424
1689;Applied and Computational Mathematics;3;Sep;2015;623;8253-7656
1690;Applied Engineering;1;Jul;2010;1158;4575-1407
1691;International Journal of Science and Qualitative Analysis;3;Jan;2014;1025;7666-2711
1692;Engineering and Applied Sciences;3;Aug;2014;535;4412-8301
1693;Innovation;3;Jul;2013;942;7331-3138
1694;Engineering Science;4;Jun;2016;572;8102-4604
1695;International Journal of Science and Qualitative Analysis;5;Mar;2018;603;5205-4287
1698;Innovation;1;Jan;2010;1414;7841-6984
1699;Biomedical Statistics and Informatics;4;Apr;2013;1362;2481-6136
1700;Automation, Control and Intelligent Systems;1;Feb;2010;1404;5666-5586
1704;International Journal of Discrete Mathematics;4;Jul;2017;685;4841-8321
1705;International Journal of Discrete Mathematics;1;Aug;2012;1411;8613-2693
1706;Control Science and Engineering;2;Jul;2013;1117;8097-7004
1707;Control Science and Engineering;4;Oct;2016;1149;3780-4572
1709;Control Science and Engineering;3;Feb;2015;937;8319-6283
1712;Science Development;1;Aug;2011;1203;5460-8630
1715;Computational Biology and Bioinformatics;2;Dec;2012;1234;4364-7453
1716;Frontiers;3;Aug;2015;1466;8939-3019
1719;International Journal of Computational and Theoretical Chemistry;4;Jun;2016;722;2335-6906
1723;Innovation;4;Nov;2014;1142;2625-8022
1725;Industrial Engineering;4;Aug;2018;1366;6364-8709
1726;International Journal of Discrete Mathematics;3;Mar;2015;552;8038-1629
1728;International Journal of Science, Technology and Society;2;Nov;2013;1372;2176-7972
1729;Engineering and Applied Sciences;3;Aug;2014;535;4412-8301
1730;Engineering Science;1;Nov;2010;839;4681-1896
1732;International Journal of Computational and Theoretical Chemistry;2;Jul;2013;907;1787-6980
1734;Research & Development;3;Oct;2015;1456;1590-2968
1735;Science Development;5;Nov;2016;972;6128-7847
1737;International Journal of Discrete Mathematics;5;Sep;2019;1404;5818-5693
1738;Innovation;4;Nov;2014;1142;2625-8022
1741;Science Development;5;Nov;2016;972;6128-7847
1742;International Journal of Discrete Mathematics;4;Jul;2017;685;4841-8321
1746;Applied and Computational Mathematics;2;Jun;2013;744;5790-7129
1749;Science Development;5;Nov;2016;972;6128-7847
1751;Biomedical Statistics and Informatics;2;Aug;2011;1329;6988-5337
1752;Science Research;5;Sep;2019;778;2808-1280
1754;Automation, Control and Intelligent Systems;4;Nov;2016;808;2184-5882
1758;Science Research;2;Nov;2014;808;7186-3964
1762;Automation, Control and Intelligent Systems;5;Jun;2018;606;8379-4678
1763;Science Development;4;May;2015;1167;8359-8886
1765;Applied Engineering;1;Jul;2010;1158;4575-1407
1766;International Journal of Science, Technology and Society;3;Apr;2014;1199;5664-3322
1767;Biomedical Statistics and Informatics;3;Jul;2012;1142;3861-8948
1769;Automation, Control and Intelligent Systems;5;Jun;2018;606;8379-4678
1770;International Journal of Science, Technology and Society;2;Nov;2013;1372;2176-7972
1773;Engineering and Applied Sciences;1;Jan;2010;863;8466-8982
1774;Industrial Engineering;3;Mar;2016;1016;6729-7273
1778;Engineering Science;4;Jun;2016;572;8102-4604
1780;Industrial Engineering;4;Aug;2018;1366;6364-8709
1781;Innovation;1;Jan;2010;1414;7841-6984
1784;Research & Development;3;Oct;2015;1456;1590-2968
1786;Science Research;3;May;2016;717;3815-4478
1789;Innovation;3;Jul;2013;942;7331-3138
1791;Frontiers;4;Feb;2016;736;8670-6633
1793;Computational Biology and Bioinformatics;4;Sep;2015;716;4937-2681
1796;Biomedical Statistics and Informatics;1;Feb;2010;1061;6082-3027
1797;Engineering and Applied Sciences;2;Dec;2012;1375;6795-4611
1799;International Journal of Science and Qualitative Analysis;4;Nov;2016;636;5056-6441
1802;Innovation;4;Nov;2014;1142;2625-8022
1803;Applied and Computational Mathematics;5;Jul;2018;1243;7911-2396
1806;International Journal of Science and Qualitative Analysis;3;Jan;2014;1025;7666-2711
1810;Engineering Science;4;Jun;2016;572;8102-4604
1811;International Journal of Science, Technology and Society;4;Aug;2015;528;6449-8154
1812;Applied and Computational Mathematics;2;Jun;2013;744;5790-7129
1815;Applied and Computational Mathematics;4;Feb;2017;1027;3687-5198
1817;Research & Development;3;Oct;2015;1456;1590-2968
1822;Engineering Science;3;Feb;2014;1353;7828-3865
1823;Control Science and Engineering;1;Nov;2011;1207;7584-2401
1824;Innovation;1;Jan;2010;1414;7841-6984
1825;Control Science and Engineering;5;Aug;2017;1003;7619-4738
1828;International Journal of Science and Qualitative Analysis;5;Mar;2018;603;5205-4287
1829;International Journal of Science, Technology and Society;3;Apr;2014;1199;5664-3322
1831;Science Development;4;May;2015;1167;8359-8886
1832;International Journal of Science and Qualitative Analysis;5;Mar;2018;603;5205-4287
1833;Engineering and Applied Sciences;3;Aug;2014;535;4412-8301
1835;International Journal of Science, Technology and Society;3;Apr;2014;1199;5664-3322
1836;Science, Technology & Public Policy;4;Dec;2014;1325;4271-5389
1839;Innovation;4;Nov;2014;1142;2625-8022
1840;International Journal of Computational and Theoretical Chemistry;4;Jun;2016;722;2335-6906
1842;Applied Engineering;5;Jul;2017;731;8001-8883
1844;Applied and Computational Mathematics;5;Jul;2018;1243;7911-2396
1845;Biomedical Statistics and Informatics;2;Aug;2011;1329;6988-5337
1852;International Journal of Data Science and Analysis;3;Jan;2015;887;2617-5999
1853;Biomedical Statistics and Informatics;3;Jul;2012;1142;3861-8948
1858;Automation, Control and Intelligent Systems;3;Mar;2014;1130;1831-7742
1860;International Journal of Computational and Theoretical Chemistry;1;Aug;2012;1066;3983-4788
1865;International Journal of Data Science and Analysis;2;May;2013;907;3931-2886
1869;International Journal of Science and Qualitative Analysis;5;Mar;2018;603;5205-4287
1872;Industrial Engineering;2;Jul;2014;1132;1878-2431
1873;International Journal of Science, Technology and Society;3;Apr;2014;1199;5664-3322
1874;Biomedical Statistics and Informatics;4;Apr;2013;1362;2481-6136
1877;Innovation;1;Jan;2010;1414;7841-6984
1882;Research & Development;4;Oct;2017;777;2105-6252
1883;Applied Engineering;4;Dec;2015;903;1015-7527
1884;International Journal of Discrete Mathematics;4;Jul;2017;685;4841-8321
1888;Applied and Computational Mathematics;5;Jul;2018;1243;7911-2396
1892;Science Research;3;May;2016;717;3815-4478
1901;Research & Development;4;Oct;2017;777;2105-6252
1908;Science Development;2;Sep;2013;906;2217-1424
1912;Control Science and Engineering;1;Nov;2011;1207;7584-2401
1917;Applied and Computational Mathematics;3;Sep;2015;623;8253-7656
1918;Computational Biology and Bioinformatics;1;Jan;2011;1379;2556-3365
1922;Automation, Control and Intelligent Systems;2;Jun;2012;1325;4446-2616
1924;Engineering and Applied Sciences;1;Jan;2010;863;8466-8982
1925;Automation, Control and Intelligent Systems;5;Jun;2018;606;8379-4678
1935;Frontiers;5;Sep;2017;1003;7967-5073
1936;Science Research;4;Jun;2017;613;2179-3274
1937;International Journal of Data Science and Analysis;4;Apr;2017;960;3686-7708
1938;International Journal of Discrete Mathematics;3;Mar;2015;552;8038-1629
1940;International Journal of Science and Qualitative Analysis;4;Nov;2016;636;5056-6441
1944;International Journal of Science and Qualitative Analysis;1;Apr;2012;966;3591-7930
1945;International Journal of Discrete Mathematics;1;Aug;2012;1411;8613-2693
1948;Industrial Engineering;4;Aug;2018;1366;6364-8709
1952;International Journal of Discrete Mathematics;5;Sep;2019;1404;5818-5693
1953;Biomedical Statistics and Informatics;3;Jul;2012;1142;3861-8948
1955;Automation, Control and Intelligent Systems;5;Jun;2018;606;8379-4678
1956;Engineering and Applied Sciences;1;Jan;2010;863;8466-8982
1957;Applied Engineering;3;Apr;2013;1077;2979-8351
1959;Frontiers;5;Sep;2017;1003;7967-5073
1960;Computational Biology and Bioinformatics;5;May;2016;541;6379-8524
1961;Automation, Control and Intelligent Systems;2;Jun;2012;1325;4446-2616
1962;Applied and Computational Mathematics;4;Feb;2017;1027;3687-5198
1963;Science Research;1;Feb;2012;822;2375-6470
1965;Research & Development;3;Oct;2015;1456;1590-2968
1966;Control Science and Engineering;5;Aug;2017;1003;7619-4738
1967;Engineering Science;4;Jun;2016;572;8102-4604
1969;Frontiers;3;Aug;2015;1466;8939-3019
1971;Computational Biology and Bioinformatics;5;May;2016;541;6379-8524
1973;International Journal of Science and Qualitative Analysis;2;Oct;2013;1024;8968-4130
1978;International Journal of Computational and Theoretical Chemistry;4;Jun;2016;722;2335-6906
1980;Science Research;4;Jun;2017;613;2179-3274
1982;Applied and Computational Mathematics;3;Sep;2015;623;8253-7656
1983;Applied and Computational Mathematics;4;Feb;2017;1027;3687-5198
1986;Research & Development;4;Oct;2017;777;2105-6252
1987;International Journal of Discrete Mathematics;5;Sep;2019;1404;5818-5693
1990;International Journal of Computational and Theoretical Chemistry;5;Dec;2018;1333;6053-4806
1991;Industrial Engineering;2;Jul;2014;1132;1878-2431
1992;Innovation;5;Sep;2015;854;3725-7549
1993;International Journal of Science and Qualitative Analysis;3;Jan;2014;1025;7666-2711
1994;Applied and Computational Mathematics;4;Feb;2017;1027;3687-5198
1996;International Journal of Computational and Theoretical Chemistry;3;Feb;2015;635;2145-8624
1997;International Journal of Computational and Theoretical Chemistry;2;Jul;2013;907;1787-6980
2000;International Journal of Computational and Theoretical Chemistry;1;Aug;2012;1066;3983-4788
2004;Frontiers;3;Aug;2015;1466;8939-3019
2006;Science Development;3;Dec;2014;1137;4220-3168
2007;Biomedical Statistics and Informatics;2;Aug;2011;1329;6988-5337
2008;Industrial Engineering;2;Jul;2014;1132;1878-2431
2009;Frontiers;3;Aug;2015;1466;8939-3019
2012;Science Research;1;Feb;2012;822;2375-6470
2013;Engineering and Applied Sciences;5;May;2016;598;3732-2812
2014;Science, Technology & Public Policy;2;Feb;2012;1078;8909-3252
2015;International Journal of Computational and Theoretical Chemistry;5;Dec;2018;1333;6053-4806
2016;Engineering and Applied Sciences;2;Dec;2012;1375;6795-4611
2018;International Journal of Science and Qualitative Analysis;3;Jan;2014;1025;7666-2711
2020;Engineering and Applied Sciences;5;May;2016;598;3732-2812
2028;Biomedical Statistics and Informatics;1;Feb;2010;1061;6082-3027
2029;Science Development;2;Sep;2013;906;2217-1424
2033;Science Research;1;Feb;2012;822;2375-6470
2034;Applied Engineering;1;Jul;2010;1158;4575-1407
2035;Engineering Science;3;Feb;2014;1353;7828-3865
2036;International Journal of Science and Qualitative Analysis;5;Mar;2018;603;5205-4287
2037;Automation, Control and Intelligent Systems;3;Mar;2014;1130;1831-7742
2040;International Journal of Science and Qualitative Analysis;5;Mar;2018;603;5205-4287
2041;Frontiers;4;Feb;2016;736;8670-6633
2043;International Journal of Data Science and Analysis;3;Jan;2015;887;2617-5999
2052;Science, Technology & Public Policy;5;Feb;2016;801;5390-4799
2053;Research & Development;3;Oct;2015;1456;1590-2968
2054;International Journal of Computational and Theoretical Chemistry;2;Jul;2013;907;1787-6980
2058;Computational Biology and Bioinformatics;4;Sep;2015;716;4937-2681
2060;International Journal of Computational and Theoretical Chemistry;5;Dec;2018;1333;6053-4806
2061;Frontiers;1;Sep;2012;696;5358-1050
2062;Control Science and Engineering;1;Nov;2011;1207;7584-2401
2067;Research & Development;1;Oct;2012;1348;6793-8780
2068;Science Research;1;Feb;2012;822;2375-6470
2072;Computational Biology and Bioinformatics;1;Jan;2011;1379;2556-3365
2073;Computational Biology and Bioinformatics;3;Apr;2013;1227;7054-5006
2076;Science, Technology & Public Policy;5;Feb;2016;801;5390-4799
2077;Innovation;4;Nov;2014;1142;2625-8022
2079;International Journal of Discrete Mathematics;2;Jun;2014;1109;6112-5335
2082;Frontiers;2;Sep;2013;1374;6913-2432
2084;International Journal of Science and Qualitative Analysis;2;Oct;2013;1024;8968-4130
2085;International Journal of Computational and Theoretical Chemistry;5;Dec;2018;1333;6053-4806
2086;Industrial Engineering;3;Mar;2016;1016;6729-7273
2087;Science Research;2;Nov;2014;808;7186-3964
2088;Frontiers;3;Aug;2015;1466;8939-3019
2089;Industrial Engineering;4;Aug;2018;1366;6364-8709
2090;Research & Development;5;Mar;2019;699;4952-3934
2093;Science Research;5;Sep;2019;778;2808-1280
2095;Science, Technology & Public Policy;2;Feb;2012;1078;8909-3252
2101;Engineering Science;3;Feb;2014;1353;7828-3865
2104;Computational Biology and Bioinformatics;2;Dec;2012;1234;4364-7453
2106;Innovation;3;Jul;2013;942;7331-3138
2111;International Journal of Science, Technology and Society;5;Dec;2017;530;7271-4980
2113;Science Research;4;Jun;2017;613;2179-3274
2114;Automation, Control and Intelligent Systems;5;Jun;2018;606;8379-4678
2118;Industrial Engineering;4;Aug;2018;1366;6364-8709
2119;Engineering Science;1;Nov;2010;839;4681-1896
2120;Biomedical Statistics and Informatics;3;Jul;2012;1142;3861-8948
2121;Applied Engineering;2;Dec;2011;955;6801-4483
2125;Applied and Computational Mathematics;1;Jul;2012;1031;8213-3509
2129;Science Development;5;Nov;2016;972;6128-7847
2130;International Journal of Data Science and Analysis;3;Jan;2015;887;2617-5999
2131;Applied and Computational Mathematics;5;Jul;2018;1243;7911-2396
2134;Computational Biology and Bioinformatics;2;Dec;2012;1234;4364-7453
2136;Science Development;5;Nov;2016;972;6128-7847
2137;International Journal of Discrete Mathematics;4;Jul;2017;685;4841-8321
2140;Engineering Science;2;Jan;2012;1474;6261-4636
2142;International Journal of Data Science and Analysis;3;Jan;2015;887;2617-5999
2143;Innovation;1;Jan;2010;1414;7841-6984
2144;Frontiers;2;Sep;2013;1374;6913-2432
2146;Frontiers;2;Sep;2013;1374;6913-2432
2152;Biomedical Statistics and Informatics;3;Jul;2012;1142;3861-8948
2156;Applied and Computational Mathematics;2;Jun;2013;744;5790-7129
2158;Frontiers;3;Aug;2015;1466;8939-3019
2159;International Journal of Computational and Theoretical Chemistry;4;Jun;2016;722;2335-6906
2161;Computational Biology and Bioinformatics;4;Sep;2015;716;4937-2681
2162;Innovation;5;Sep;2015;854;3725-7549
2165;Science, Technology & Public Policy;3;Jan;2013;965;5167-5381
2169;Science Research;5;Sep;2019;778;2808-1280
2175;International Journal of Data Science and Analysis;5;Sep;2019;920;2715-7359
2177;Science, Technology & Public Policy;5;Feb;2016;801;5390-4799
2178;Science Development;4;May;2015;1167;8359-8886
2179;Science, Technology & Public Policy;2;Feb;2012;1078;8909-3252
2180;International Journal of Computational and Theoretical Chemistry;1;Aug;2012;1066;3983-4788
2190;International Journal of Science, Technology and Society;1;Oct;2012;1106;3797-4902
2194;Control Science and Engineering;1;Nov;2011;1207;7584-2401
2195;Science Development;4;May;2015;1167;8359-8886
2196;Applied and Computational Mathematics;3;Sep;2015;623;8253-7656
